{
    "fname": "Ayushman",
    "lastName": "PRANAV",
    "dob": "12.03.2003",
    "age": "18",
    "email": "theayushmanpranav@gmail.com",
    "address": "Chennai",
    "mobile": "7557206000",
    "LinkedIn": "No information available",
    "orcidId": "No information available",
    "totalIndustryExperience": "2 years",
    "summaryDetails": "I am Ayushman Pranav, a passionate and driven B.Tech Computer Science Engineering student with a specialization in AI. I have a CGPA of 8.5 and I am currently pursuing my degree at Bennett University in Greater Noida, Uttar Pradesh. I have hands-on experience as an intern at Stuvalley Technology Pvt Ltd, where I worked on AI/ML projects with a focus on backend development. I have successfully created a data processing and integration pipeline during my internship. I am eager to contribute my skills and knowledge to a dynamic and challenging work environment.",
    "degree": "Degree Names:\n1. B.Tech Computer Science Engineering with AI specialization\n\nYears of Passing:\n1. 2025\n\nEducational Institutions or Boards:\n1. Bennett University Greater Noida, Uttar Pradesh",
    "course": "B.Tech Computer Science Engineering with AI specialization",
    "marks": "8.5",
    "yearOfPass": "2021\n2025\nNo information available\nNo information available",
    "boardsName": "No information available",
    "percentage": "No information available",
    "college": "Bennett University",
    "educational_qual": "Degree Names:\n1. B.Tech Computer Science Engineering with AI specialization\n2. No information available\n3. No information available\n4. No information available\n\nYears of Passing:\n1. 2025\n2. No information available\n3. No information available\n4. No information available\n\nEducational Institutions or Boards:\n1. Bennett University Greater Noida, Uttar Pradesh\n2. No information available\n3. No information available\n4. No information available",
    "nameOfEmployer": "1. Stuvalley Technology Pvt Ltd",
    "department": "No information available",
    "postDesignation": "machine learning engineer",
    "periodOfEmploymentFrom": "01/2024",
    "periodOfEmploymentTo": "03/2024",
    "grossSalary": "No information available",
    "responsibilities": "1. Intern AI/ML with Backend Development / Stuvalley Technology Pvt Ltd 01/2024 - 03/2024\n   - Created a Data processing and Integration pipeline\n   - Worked on AI/ML algorithms for data analysis\n   - Collaborated with the backend development team for integration\n\nNo other job responsibilities or experience mentioned in the resume.",
    "skills": "Technical Skills + Frameworks:\n1. AI\n2. ML\n3. Backend Development\n4. Data Processing\n5. Integration\n6. Python\n7. Java\n8. C++\n9. Data Analysis\n10. Machine Learning Algorithms\n\nSoft Skills:\n1. Problem-solving\n2. Teamwork\n3. Communication\n4. Adaptability\n5. Leadership\n6. Time Management\n7. Analytical Thinking\n8. Creativity\n9. Attention to Detail\n10. Self-Motivation",
    "selfRating": "Hire Him\nTechnical Skills Rating: \n1. AI - 9\n2. ML - 8\n3. Backend Development - 9\n4. Data Processing - 8\n5. Integration - 8\n6. Python - 8\n7. Java - 7\n8. C++ - 7\n9. SQL - 8\n10. Git - 7\n\nSoft Skills Rating: \n1. Communication - 9\n2. Problem-solving - 8\n3. Teamwork - 9\n4. Adaptability - 8\n5. Leadership - 7\n\nReasons to hire:\n1. Strong technical skills in AI, ML, Backend Development, Data Processing, and Integration.\n2. Good knowledge of programming languages like Python, Java, and SQL.\n3. Excellent communication and teamwork skills.",
    "whyRate": "Hire Him\n1. Strong skillset in AI and ML with experience in backend development.\n2. Demonstrated ability to create data processing and integration pipelines during internship.",
    "nameOfAwardsAchievements": "No information available",
    "institutionsOrganization": "Bennett University",
    "institutionsOrganizationName": "No information available",
    "detailsofAwards/Cerifications": "No information available",
    "dateOfAwards": "No information available",
    "awardsTitle": "No information available",
    "urlAwards": "No information available"
}