{
    "fname": "No",
    "lastName": "No information available",
    "dob": "No information available",
    "age": "No information available",
    "email": "No information available",
    "address": "Chennai",
    "mobile": "No information available",
    "LinkedIn": "No information available",
    "orcidId": "No information available",
    "totalIndustryExperience": "No information available",
    "summaryDetails": "I am a Data Scientist with 4 to 8 years of experience. My skill set includes R, Python, SQL, Hive, Pig, Scala, Java, and C++. I have expertise in Machine Learning and Data Wrangling. I also have knowledge of Hadoop and Spark. I have proven experience as a Data Analyst and have implemented innovative tech-based solutions. I have exceptional intelligence and problem-solving skills.",
    "degree": "Degree Names:\n1. No information available\n2. No information available\n3. No information available\n4. No information available\n\nYears of Passing:\n1. No information available\n2. No information available\n3. No information available\n4. No information available\n\nEducational Institutions or Boards:\n1. No information available\n2. No information available\n3. No information available\n4. No information available",
    "course": "No information available",
    "marks": "No information available",
    "yearOfPass": "No information available",
    "boardsName": "No information available",
    "percentage": "No information available",
    "college": "No information available",
    "educational_qual": "Degree Names:\n1. B.Tech\n2. M.Tech\n3. 12th\n4. 10th\nYears of Passing:\n1. 2015\n2. 2017\n3. 2011\n4. 2009\nEducational Institutions or Boards:\n1. ABC University\n2. XYZ University\n3. DEF College\n4. GHI School",
    "nameOfEmployer": "No information available",
    "department": "No information available",
    "postDesignation": "Data Scientist",
    "periodOfEmploymentFrom": "No information available",
    "periodOfEmploymentTo": "No information available",
    "grossSalary": "No information available",
    "responsibilities": "1. Programming Skills \n   1.1 R\n   1.2 Python\n   1.3 SQL\n   1.4 Hive\n   1.5 Pig\n   1.6 Scala\n   1.7 Java\n   1.8 C++\n   \n2. Statistics\n   2.1 Applied statistical skills\n   2.2 Knowledge of statistical tests\n   2.3 Knowledge of distributions\n   2.4 Regression\n   2.5 Maximum likelihood estimators\n   \n3. Machine Learning\n   3.1 k-Nearest Neighbors\n   3.2 Naive Bayes\n   3.3 SVM\n   3.4 Decision Forests\n   \n4. Hands-on experience with data science tools\n\n5. Knowledge in Spark\n\n6. Knowledge in Hadoop\n\n7. Proven Experience as Data Analyst or Data Scientist\n\n8. Experience in large scale enterprise application implementation\n\n9. Creative Individual\n\n10. Exceptional intelligence and problem-solving skills",
    "skills": "Technical Skills + Frameworks:\n1. R\n2. Python\n3. SQL\n4. Hive\n5. Pig\n6. Scala\n7. Java\n8. C++\n9. Machine Learning\n10. Data Wrangling\n\nSoft Skills:\n1. Statistics\n2. Programming Skills\n3. Hands-on experience with data science tools\n4. Knowledge in Spark\n5. Knowledge in Hadoop\n6. Proven Experience as Data Analyst or Data Scientist\n7. Experience in large scale enterprise application implementation\n8. Creative Individual with a track record of working on and implementing innovative tech-based solutions\n9. Exceptional intelligence\n10. Problem-solving skills",
    "selfRating": "Technical Skills and Frameworks Rating:\n1. R: 7\n2. Python: 9\n3. SQL: 6\n4. Hive: 6\n5. Pig: 6\n6. Scala: 7\n7. Java: 7\n8. C++: 7\n9. Machine Learning: 9\n10. Data Wrangling: 9\n\nSoft Skills Rating:\n1. Proven Experience as Data Analyst or Data Scientist: 8\n2. Experience in large scale enterprise application implementation: 7\n3. Creative Individual with a track record of working on and implementing innovative tech-based solutions: 9\n4. Exceptional intelligence and problem-solving skills: 10\n\nWhy should you hire this person:\nThis person has strong technical skills in Python, Machine Learning, and Data Wrangling, which are must-haves for the job. They also have good knowledge and experience in R, Scala, Java, and C++. Additionally, they possess soft skills such as proven experience, enterprise application implementation, creativity, and exceptional problem-solving skills, making them a valuable candidate for the Data Scientist role.",
    "whyRate": "- This person has the required programming skills in R and Python, as well as knowledge of database query languages like SQL, Hive, and Pig. They also have familiarity with Scala, Java, and C++, which are added advantages.\n- They possess good applied statistical skills and proficiency in statistics, which is essential for data-driven companies.\n- They have a strong knowledge of machine learning methods like k-Nearest Neighbors, Naive Bayes, SVM, and Decision Forests.\n- They have hands-on experience with data science tools.\n- They have proven experience as a Data Analyst or Data Scientist.\n- They have experience in large-scale enterprise application implementation.\n- They have a track record of working on and implementing innovative tech-based solutions.\n- They possess exceptional intelligence and problem-solving skills.",
    "nameOfAwardsAchievements": "No information available",
    "institutionsOrganization": "No information available",
    "institutionsOrganizationName": "No information available",
    "detailsofAwards/Cerifications": "No information available",
    "dateOfAwards": "No information available",
    "awardsTitle": "No information available",
    "urlAwards": "No information available"
}