{
    "fname": "HIMANSHU",
    "lastname": "TARIF",
    "dob": "04/07/1994",
    "age": 27,
    "address": "Najafgarh, New Delhi",
    "email": "thimanshu039@yahoo.com",
    "mobile": "+91.7838679387",
    "LinkedIn": "https://www.linkedin.com/in/himanshu-tarif-744214211/",
    "orcidId": "unknown",
    "summaryDetails": "2+ of experience facilitating cutting-edge solutions with a wide range of Mobile, Web, Educational, and Analysis application and technology skills. Proven ability to leverage full-stack knowledge and experience to build interactive and user-centered website designs to scale. Good expertise in web hosting, integration, handling and maintenance on cloud server and shared hosting. Good command to summarize predicts and analyzes the data by machine learning basis. Good command to develop cross-platform Mobile and desktop applications. Good ability to work on data structure and algorithm specifically on machine learning and statistical graphs analysis.",
    "totalIndustryExperience": "2 years",
    "degree": [
        "Master In Computer Application",
        "Bachelor In Computer Application",
        "10 +2"
    ],
    "course": [
        "unknown",
        "unknown",
        "unknown"
    ],
    "marks": [
        "7.5 CGPA",
        "72%",
        "51% in 12th, 62% in 10th"
    ],
    "yearOfPass": [
        "2018",
        "2015",
        "2012"
    ],
    "boardsName": [
        "Guru Gobind Singh Indraprastha University",
        "Guru Gobind Singh Indraprastha University",
        "Central Board Of Secondary Education"
    ],
    "percentage": [
        "unknown",
        "unknown",
        "51% in 12th, 62% in 10th"
    ],
    "college": [
        "R C Institute of Technology",
        "Fair Field Institute Of Management and Technology",
        "Jawahar Navodaya Vidyalaya Mungeshpur"
    ],
    "educational_qual": [
        "Master In Computer Application, 2018, Guru Gobind Singh Indraprastha University",
        "Bachelor In Computer Application, 2015, Guru Gobind Singh Indraprastha University",
        "10 +2, 2012, Central Board Of Secondary Education"
    ],
    "skills": [
        "Proven ability to leverage full-stack knowledge and experience",
        "Good expertise in web hosting, integration, handling, and maintenance",
        "Good command to summarize, predict, and analyze data",
        "Good ability to work on data structure and algorithm",
        "Proficient in communication and teamwork",
        "Python",
        "SQL",
        "HTML",
        "CSS3",
        "AJAX",
        "JavaScript",
        "JQuery",
        "Node JS",
        "Flask",
        "Django",
        "Machine Learning",
        "Data Analytics",
        "Bootstrap",
        "Apache Cordova",
        "Electron. JS",
        "MySQL",
        "SQL SERVER",
        "SQL Lite",
        "Web Applications",
        "APIs",
        "Analysis",
        "Integration",
        "Web",
        "Desktop",
        "Mobile",
        "Console"
    ],
    "selfRating": {
        "technical skills": 8,
        "soft skills": 9
    },
    "whyRate": "This person should be hired because they have a proven ability to leverage full-stack knowledge and experience, good expertise in web hosting and data analysis, and strong communication and teamwork skills.",
    "postDesignation": [
        "SOFTWARE DEVELOPER",
        "SOFTWARE DEVELOPMENT TRAINEE"
    ],
    "nameOfEmployer": [
        "S. K.ENTERPPRISES (SPIKEZONE\u00ae)",
        "Matrix Geo Solutions Pvt. Ltd."
    ],
    "periodOfEmploymentFrom": [
        "06/01/2019",
        "01/06/2018"
    ],
    "periodOfEmploymentTo": [
        "Present",
        "05/01/2019"
    ],
    "department": [
        "Internal systems, admin login Functions, web application, APIs",
        "Data base, classes modules, Geo Mapping Desktop and Cloud Application"
    ],
    "grossSalary": [
        "unknown",
        "unknown"
    ],
    "responsibilities": [
        {
            "1": "Structure several internal systems comprising admin login Functions, web application as well as design APIs built in python.",
            "2": "Successfully installed APIs on Google, Shared and Heroku cloud servers.",
            "3": "Successfully time to time updating of database and web application designs.",
            "4": "Successfully more than three analysis and research projects based on machine learning.",
            "5": "Designed and implemented Python with flask and Django web application.",
            "6": "Successful designed one window desktop and two cross platform moderate level mobile applications."
        },
        {
            "1": "Successfully  maintained  the  data  base  and  classes  modules  of  web  application  in  JavaScript,  MySql  Basic Queries.",
            "2": "Successfully contribution to design and implement the modules of Windows Based Geo Mapping Desktop and Cloud Application in C# and JavaScript.",
            "3": "Successfully installed, integrate, deployed and maintained the web application on shared hosting cloud panels."
        }
    ],
    "project__title": [
        "Vocabulary Process System With Android Application",
        "Organic Food Web site",
        "Bike Sharing Trends Analysis and Datasets",
        "Personalized Learning by Twitter Tweets Datasets",
        "Spikezone Web application"
    ],
    "project__start_date": [
        "unknown",
        "unknown",
        "unknown",
        "unknown",
        "unknown"
    ],
    "project__end_date": [
        "unknown",
        "unknown",
        "unknown",
        "unknown",
        "unknown"
    ],
    "project__description": [
        "- Project Name: Vocabulary Process System With Android Application",
        "- Developed Organic Food Web site\n- Utilized Python, Flask, Html5, CSS3, Bootstrap, JavaScript, jQuery, MySQL, Web API, Apache Cordova\n- Project URL: http://vocabulary.onlinestudyclasses.com/",
        "- Bike Sharing Trends Analysis and Datasets\n- Personalized Learning by Twitter Tweets Datasets",
        "- Personalized Learning by Twitter Tweets Datasets",
        "- Successfully installed APIs on Google, Shared and Heroku cloud servers.\n- Successfully time to time updating of database and web application designs.\n- Successfully more than three analysis and research projects based on machine learning.\n- Designed and implemented Python with flask and Django web application.\n- Successful designed one window desktop and two cross platform moderate level mobile applications."
    ],
    "awardsTitle": [
        "Certification in User-Interface Development",
        "Certification in Data Science with Machine Learning with Python"
    ],
    "institutionsOrganization": [
        "Xperia Technologies Pvt. Ltd.",
        "Antrix Academy of Data Science"
    ],
    "dateOfAwards": [
        "2016",
        "2019"
    ],
    "nameOfAwardsAchievements": [
        "unknown",
        "unknown"
    ],
    "urlAwards": [
        "unknown",
        "unknown"
    ],
    "typesOfAchievment": [
        "unknown",
        "unknown"
    ],
    "detailsofAwards/Cerifications": "The certifications are relevant to the field of data science and machine learning, indicating a strong foundation in these areas. The text quality is clear and concise, providing necessary information about the certifications."
}