{"Contact__information": {"fname": "HIMANSHU", "lastname": "TARIF", "dob": "04/07/1994", "age": 27, "address": "Najafgarh, New Delhi", "email": "thimanshu039@yahoo.com", "mobile": "+91.7838679387", "LinkedIn": "https://www.linkedin.com/in/himanshu-tarif-744214211/", "orcidId": "unknown"}, "CV__Summary": {"summaryDetails": "2+ of experience facilitating cutting-edge solutions with a wide range of Mobile, Web, Educational, and Analysis application and technology skills. Proven ability to leverage full-stack knowledge and experience to build interactive and user-centered website designs to scale. Good expertise in web hosting, integration, handling and maintenance on cloud server and shared hosting. Good command to summarize predicts and analyzes the data by machine learning basis. Good command to develop cross platform Mobile and desktop applications. Good ability to work on data structure and algorithm specifically on machine learning and statistical graphs analysis.", "totalIndustryExperience": "2 years"}, "CV__Education": [{"degree": "Master In Computer Application", "course": "unknown", "marks": "7.5 CGPA", "yearOfPass": "2018", "boardsName": "Guru Gobind Singh Indraprastha University", "percentage": "unknown", "college": "R C Institute of Technology", "educational_qual": "Master In Computer Application, 2018, Guru Gobind Singh Indraprastha University"}, {"degree": "Bachelor In Computer Application", "course": "unknown", "marks": "72%", "yearOfPass": "2015", "boardsName": "Guru Gobind Singh Indraprastha University", "percentage": "unknown", "college": "Fair Field Institute Of Management and Technology", "educational_qual": "Bachelor In Computer Application, 2015, Guru Gobind Singh Indraprastha University"}, {"degree": "10 +2", "course": "unknown", "marks": "51%", "yearOfPass": "2012", "boardsName": "Central Board Of Secondary Education", "percentage": "unknown", "college": "Jawahar Navodaya Vidyalaya Mungeshpur", "educational_qual": "10 +2, 2012, Central Board Of Secondary Education"}, {"degree": "unknown", "course": "unknown", "marks": "62%", "yearOfPass": "2010", "boardsName": "unknown", "percentage": "unknown", "college": "Jawahar Navodaya Vidyalaya Jaffar Pur Kalan", "educational_qual": "unknown, 2010, unknown"}], "Education__evaluation": {"score__edu": 85, "evaluation__edu": "The Education section is well-detailed, providing information about the candidate's academic achievements, degrees, and marks obtained. The inclusion of start and end dates for each education level adds clarity. However, some details like courses taken are missing, affecting the completeness of the section. Overall, it provides a good overview of the candidate's educational background."}, "CV__Languages": [{"spoken__language": "Hindi", "language__fluency": "Fluent"}, {"spoken__language": "English", "language__fluency": "Fluent"}], "Languages__evaluation": {"score__language": 100, "evaluation__language": "The Languages section is concise and clear, listing the languages the candidate can speak along with their fluency level. The information is presented in a straightforward manner, making it easy to understand. Overall, it effectively communicates the candidate's language skills."}, "skills": {"soft skills": ["Proven ability to leverage full-stack knowledge and experience", "Good expertise in web hosting, integration, handling, and maintenance on cloud server and shared hosting", "Good command to summarize, predict, and analyze data by machine learning basis", "Good command to develop cross-platform mobile and desktop applications", "Good ability to work on data structure and algorithm specifically on machine learning and statistical graphs analysis"], "technical skills": ["Python", "SQL", "HTML", "CSS3", "AJAX", "JavaScript", "JQuery", "Node JS", "Flask", "Django", "Machine Learning", "Data Analytics", "MySQL", "SQL SERVER", "SQL Lite", "BOOTSTRAP", "Apache Cordova", "Electron. JS", "JOINS", "STORED PROCEDURES", "QUERIES", "Web Applications", "APIs", "Analysis", "Integration", "Web", "Desktop", "Mobile", "Console"]}, "Skills__evaluation": {"selfRating": {"technical skills": 8, "soft skills": 9}, "whyRate": "This person should be hired because they have a proven ability to leverage full-stack knowledge and experience, good expertise in web hosting and maintenance, strong command in data analysis and machine learning, and the ability to develop cross-platform applications. Their technical skills in Python, SQL, and various web technologies make them a valuable asset to any team."}, "CV__Certifications": [{"awardsTitle": "Certification in User-Interface Development", "institutionsOrganization": "Xperia Technologies Pvt. Ltd.", "dateOfAwards": "2016", "nameOfAwardsAchievements": "unknown", "urlAwards": "unknown", "typesOfAchievment": "unknown"}, {"awardsTitle": "Certification in Data Science with Machine Learning with Python", "institutionsOrganization": "Antrix Academy of Data Science", "dateOfAwards": "2019", "nameOfAwardsAchievements": "unknown", "urlAwards": "unknown", "typesOfAchievment": "unknown"}], "Certif__evaluation": {"score__certif": 85, "detailsofAwards/Cerifications": "The certifications in User-Interface Development and Data Science with Machine Learning with Python are valuable additions to the resume, showcasing the individual's commitment to continuous learning and skill development. The text quality is clear and concise, providing relevant information about the certifications."}, "Work__experience": [{"postDesignation": "SOFTWARE DEVELOPER", "nameOfEmployer": "S. K.ENTERPPRISES (SPIKEZONE\u00ae)", "periodOfEmploymentFrom": "06/01/2019", "periodOfEmploymentTo": "Present", "department": "unknown", "grossSalary": "unknown", "responsibilities": {"1": "Structure several internal systems comprising admin login Functions, web application as well as design APIs built in python.", "2": "Successfully installed APIs on Google, Shared and Heroku cloud servers.", "3": "Successfully time to time updating of database and web application designs.", "4": "Successfully more than three analysis and research projects based on machine learning.", "5": "Designed and implemented Python with flask and Django web application.", "6": "Successful designed one window desktop and two cross platform moderate level mobile applications."}}, {"postDesignation": "SOFTWARE DEVELOPMENT TRAINEE", "nameOfEmployer": "Matrix Geo Solutions Pvt. Ltd.", "periodOfEmploymentFrom": "01/06/2018", "periodOfEmploymentTo": "05/01/2019", "department": "unknown", "grossSalary": "unknown", "responsibilities": {"1": "Successfully  maintained  the  data  base  and  classes  modules  of  web  application  in  JavaScript,  MySql  Basic Queries.", "2": "Successfully contribution to design and implement the modules of Windows Based Geo Mapping Desktop and Cloud Application in C# and JavaScript.", "3": "Successfully installed, integrate, deployed and maintained the web application on shared hosting cloud panels."}}], "CV__Projects": [{"project__title": "Organic Food Web site", "project__start_date": "unknown", "project__end_date": "unknown", "project__description": "- Technology: Python, Flask, Html5, CSS3, Bootstrap, JavaScript, jQuery, MySQL, Web API, Apache Cordova\n- Url: http://vocabulary.onlinestudyclasses.com/\n- Office Software: MS-Office (Word, PowerPoint, Excel)\n- Operating System: Linux, Mac OS, Windows\n- Tools Used: Visual Studio 2017, Visual Studio Code\n- Python Tools & Libraries: Jupyter, Anaconda, Numpy, Pandas, Scipy, Matplotlib\n- Cloud Used: Heroku, Google Cloud, Git Commands"}, {"project__title": "Bike Sharing Trends Analysis and Datasets", "project__start_date": "unknown", "project__end_date": "unknown", "project__description": "- Project Name: Bike Sharing Trends Analysis and Datasets\n- Technology used: Python, Flask, Html5, CSS3, Bootstrap, JavaScript, jQuery, My SQL, Web API, Apache Cordova"}, {"project__title": "Personalized Learning by Twitter Tweets Datasets", "project__start_date": "unknown", "project__end_date": "unknown", "project__description": "- Project Name: Personalized Learning by Twitter Tweets Datasets\n- Technology: Python, Numpy, Pandas, Matplotlib, Sklearn\n- Url: Not provided"}, {"project__title": "Spikezone Web application", "project__start_date": "unknown", "project__end_date": "unknown", "project__description": "- Successfully installed APIs on Google, Shared and Heroku cloud servers.\n- Successfully time to time updating of database and web application designs.\n- Successfully more than three analysis and research projects based on machine learning.\n- Designed and implemented Python with flask and Django web application.\n- Successful designed one window desktop and two cross platform moderate level mobile applications."}]}