{"Contact__information": {"fname": "Dikesh", "lastname": "Ray", "dob": "04/02/1990", "age": 32, "address": "E-676, street No -10, West vinod nagar, New Delhi(110092)", "email": "Dikesh.ray@gmail.com", "mobile": "7827137507", "LinkedIn": "unknown", "orcidId": "unknown"}, "CV__Summary": {"summaryDetails": "MCA degree holder having 5.4 years of experience in analyzing, designing and developing web applications. Currently working as a Software Developer with BLS international Services ltd. Skilled in C#, ADO.Net, ASP.Net, WCF, MVC, Web Services, JQuery, Ajax, Json, AngularJS, Ms Azure, and SQL Server.", "totalIndustryExperience": "5 years"}, "CV__Education": [{"degree": "10th", "course": "unknown", "marks": "unknown", "yearOfPass": "unknown", "boardsName": "Bihar school examination board", "percentage": "unknown", "college": "unknown", "educational_qual": "10th, unknown, Bihar school examination board"}], "Education__evaluation": {"score__edu": 85, "evaluation__edu": "The Education section is well-detailed with clear information about the candidate's academic background. The inclusion of percentages and board/university names adds credibility to the qualifications listed. However, providing more details about the courses taken and specific achievements would enhance the section further."}, "CV__Languages": [{"spoken__language": "Hindi", "language__fluency": "unknown"}, {"spoken__language": "English", "language__fluency": "unknown"}], "Languages__evaluation": {"score__language": 70, "evaluation__language": "The Languages section provides basic information about the candidate's language skills. However, it lacks details on fluency levels or proficiency. Including more specific information about language proficiency would improve the section's quality."}, "skills": {"soft skills": ["Good team player", "Ability to work independently in a time sensitive environment"], "technical skills": ["C#", "ASP.Net", "ADO.Net", "WCF", "MVC", "Web Services", "JQuery", "Ajax", "Json", "Angular JS", "Ms Azure", "SQL Server"]}, "Skills__evaluation": {"selfRating": {"technical skills": 8, "soft skills": 9}, "whyRate": "This person should be hired because they have a strong technical skill set in C#, ASP.Net, ADO.Net, WCF, MVC, Web Services, JQuery, Ajax, Json, Angular JS, Ms Azure, and SQL Server. Additionally, they possess soft skills such as being a good team player and the ability to work independently in a time-sensitive environment."}, "CV__Certifications": [{"awardsTitle": "unknown", "institutionsOrganization": "unknown", "dateOfAwards": "unknown", "nameOfAwardsAchievements": "unknown", "urlAwards": "unknown", "typesOfAchievment": "unknown"}], "Certif__evaluation": {"score__certif": 0, "detailsofAwards/Cerifications": "The certifications information is not available in the resume. The text quality is good."}, "Work__experience": [{"postDesignation": "Software Developer", "nameOfEmployer": "BLS international Services ltd.", "periodOfEmploymentFrom": "05/06/2017", "periodOfEmploymentTo": "unknown", "department": "unknown", "grossSalary": "unknown", "responsibilities": {"1": "Preparing / reviewing the functional requirement document.", "2": "Performing daily coordination with onsite team for client\u2019s business requirement.", "3": "Implemented business logic UI, Input Validation.", "4": "Developed the packages, procedures, View, Function used by the application."}}, {"postDesignation": "Software Developer", "nameOfEmployer": "BRAWN SOFTECH.", "periodOfEmploymentFrom": "20/09/2016", "periodOfEmploymentTo": "31/03/2017", "department": "unknown", "grossSalary": "unknown", "responsibilities": {"1": "Preparing / reviewing the functional requirement document.", "2": "Performing daily coordination with onsite team for client\u2019s business requirement.", "3": "Implemented business logic UI, Input Validation.", "4": "Developed the packages, procedures, View, Function used by the application."}}, {"postDesignation": "Software Developer", "nameOfEmployer": "HYBEC IT SOLUTIONS LIMITED.", "periodOfEmploymentFrom": "01/06/2015", "periodOfEmploymentTo": "31/08/2016", "department": "unknown", "grossSalary": "unknown", "responsibilities": {"1": "Preparing / reviewing the functional requirement document.", "2": "Performing daily coordination with onsite team for client\u2019s business requirement.", "3": "Implemented business logic UI, Input Validation.", "4": "Developed the packages, procedures, View, Function used by the application."}}], "CV__Projects": [{"project__title": "DRA (Drug Regulatory system)", "project__start_date": "unknown", "project__end_date": "unknown", "project__description": "- Project Title: DRA (Drug Regulatory system)\n- Client: Brawn Laboratories Limited\n- Environment: Asp.Net with C#, ADO.Net, Web Services, WCF, Java Script, JQuery and SQL Server 2008 rd2\n- Role: Software Developer\n- Team Size: 6 members per module\n- Project Description: DRA is a DOT NET based web application for managing all the resources of the drug. It has N-modules (Marketing Management, Regulatory, Production Management) and N-point Login (1.Admin-Login 2.Department login) to separate the accessibility of the application. Website: http://dra.brawnlabs.com\n- Roles & Responsibilities:\n  - Preparing / reviewing the functional requirement document\n  - Performing daily coordination with onsite team for client\u2019s business requirement\n  - Implemented business logic UI, Input Validation\n  - Developed the packages, procedures, View, Function used by the application"}, {"project__title": "Chandni chowk restaurant", "project__start_date": "unknown", "project__end_date": "unknown", "project__description": "- Project Title: Chandni chowk restaurant\n- Environment: Asp.Net with C#, ADO.Net, Web Services, WCF, Java Script, JQuery, AngularJS And SQL Server 2008\n- Role: Software Developer\n- Team Size: 4 members\n- Project Description: Chandni chowk restaurant is a DOT NET based web-Application to provide the facility of Online order for fast food, dinner, lunch, etc. It includes three modules (customer Management, User Management, Items Management) and Two-end Login (1.Admin-Login 2.User-Login) to Separate the accessibility of the application."}, {"project__title": "OFFIS(Online,Field,force,Information,System)", "project__start_date": "unknown", "project__end_date": "unknown", "project__description": "- Project #3: OFFIS(Online,Field,force,Information,System)\n  - Client: Brawn Laboratories Limited\n  - Environment: C#.Net , ADO.Net , Asp.Net , Web Services, Java Script , JQuery , Json , Ajax , SQL Server 2008.\n  - Role: Software Developer\n  - Team Size: 6 member per modules\n  - Project Description: OFFIS provide valuable information on Daily visits to Doctors, Chemists, Stockiest , Stocks of Samples/Gifts with Reps, and many more. After thoroughly analyzing the industry and the way field staff work in the field, we feel the urgent need to develop simple and user-friendly FFA Software, to manage day-to-day reporting process of the field force. Years of experience emerged as an unbeatable product that offers unmatched features, services, enables speedy and hassle-free reporting of field force to their respective reporting heads. OFFIS makes management completely free from the tedious and time taking procedure of manual reporting and paper work and it can be save precious resources in terms of TIME, MONEY and EFFORT, making the process more efficient and transparent.\n  - Roles & Responsibilities:\n    - Preparing / reviewing the functional requirement document.\n    - Implemented business logic, UI, Input Validation and Database Design.\n    - Developed the stored procedures used by the application."}, {"project__title": "BLS ECMS", "project__start_date": "unknown", "project__end_date": "unknown", "project__description": "- Project #4: BLS ECMS\n- Client: BLS International Service ltd\n- Environment: Asp.Net with C#, ADO.Net, Java Script, Ajax, Web Services, SQL Server 2012\n- Role: Software Developer\n- Team Size: 8 member per modules\n- Project Description: Smart office is a dot net based web Application to solve the problem of smart office. It has five modules (Login Form, Add Employee details, check Employee details, check to the emp leave count and apply to the leave, download Pay Slip, view the time table). There is many categories through which we can resolve the Employee queries. [Link to application](https://blsinternational.org/hrms/login.html)\n- Roles & Responsibilities:\n  - Implemented business logic & UI, Input Validation and Database Design with team\n  - Developed the stored procedures used by the application"}, {"project__title": "BLS Attestation", "project__start_date": "unknown", "project__end_date": "unknown", "project__description": "- Project #5: BLS Attestation\n- Client: BLS International Service ltd\n- Environment: C#.Net , ADO.Net , Asp.Net , Web Services, Java Script , JQuery , Json , Ajax , SQL Server 2008.\n- Role: Software Developer\n- Team Size: 8 member per modules\n- Project Description: The BLS Attestation System is a DOT NET based web-Application to be provide the facility Online Visa passport OCI,PCC and this type of all application to apply online and provide the facility. And resolve the all this type of queries."}]}