{
    "fname": "Akshat",
    "lastName": "Jain",
    "dob": "No information available",
    "age": "No information available",
    "email": "jain.akshat7983@gmail.com",
    "address": "98, Kaveri Vihar Phase 2, Agra, India",
    "mobile": "The mobile number present in the resume is: +91 7983033401",
    "LinkedIn": "linkedin.com/in/akshat-jain-489775219/",
    "orcidId": "No information available.",
    "totalIndustryExperience": "No information available",
    "summaryDetails": "The summary present in the resume is:\n- Technology, Remote \u2014 AI/ML with Backend Development. Creating a NER-based model to extract relevant features from resumes and predict the results based on job descriptions. Implementing Hugging Face API models to fasten performance.\n- LanguifyAI, Remote \u2014 Project Intern. Developed a Vision Trans AKSHAT JAIN 98, Kaveri Vihar Phase 2 Agra, India +91 7983033401 jain.akshat7983@gmail.com github.com/AkshatJain20092002 linkedin.com/in/akshat-jain-489775219/",
    "degree": "Degrees present in the resume:\n1. 10th Degree\n2. 12th Degree\n3. Undergrad Degree (B-Tech CSE)\n4. Postgrad Degree (No information available)",
    "course": "Courses taken in the degrees present in the resume:\n- Data Structures\n- Design and Analysis of Algorithms\n- Automata\n- Operating Systems\n- Soft Computing\n- Information Management Systems\n- Software Engineering\n- Engineering Calculus\n- Linear Algebra\n- Ordinary Differential Equations",
    "marks": "CGPA (Undergrad Degree): 9.71\nCGPA (Postgrad Degree): No information available",
    "yearOfPass": "Based on the provided information, the years of passing for the mentioned degrees in the resume are as follows:\n\n- 10th Degree: No information available\n- 12th Degree: No information available\n- Undergrad Degree (B-Tech CSE from Bennett University, Gr. Noida): Passed in May 2025\n- Postgrad Degree (Technology, Remote \u2014 AI/ML with Backend Development): Presently pursuing\n",
    "boardsName": "No information available.",
    "percentage": "The percentages (10th Degree, 12th Degree) present in the resume are not mentioned. No information available.",
    "nameOfEmployer": "- Technology (Current employer)\n- LanguifyAI (Previous employer)",
    "department": "- Technology\n- Remote\n- LanguifyAI",
    "postDesignation": "Post Designations:\n\n1. AI/ML with Backend Development (Technology)\n2. Project Intern (LanguifyAI)",
    "periodOfEmploymentFrom": "The starting tenure of work employment for the particular job positions in the resume are as follows:\n\n1. StuValley Technology - AI/ML with Backend Development: January 2024\n2. LanguifyAI - Project Intern: July 2023",
    "periodOfEmploymentTo": "No information available.",
    "grossSalary": "No information available.",
    "responsibilities": "Job Responsibilities for the particular job positions in the resume:\n\n1. Technology, Remote \u2014 AI/ML with Backend Development:\n- Creating a NER-based model to extract relevant features from resumes and predict results based on job descriptions.\n- Implementing Hugging Face API models to improve performance.\n\n2. LanguifyAI, Remote \u2014 Project Intern:\n- Developed a Vision Trans Video Processing project.\n\nNo information available for other job positions mentioned in the resume.",
    "skills": "Skills+frameworks+soft skills present in the resume:\n- Programming Languages: Python, C++ programming\n- Frameworks/Tools: HTML, CSS, Flask, MySQL, Streamlit, Keras, TensorFlow, PyTorch\n- AI Libraries: Machine Learning, Natural Language Processing, Deep Learning\n- Soft Skills: Teamwork, Problem-Solving, Time-Management, Creativity, Active Listener",
    "selfRating": "No information available.",
    "whyRate": "The person is doing self-rating to evaluate their own performance. This information is present in the line \"Earned a perfect 10/10 performance rating and received recognition for outstanding accomplishments.\"",
    "nameOfAwardsAchievements": "The awards/achievements, certificates, and academic achievements present in the resume are:\n\n1. Hunt AI: Secured 1st rank in group hackathon.\n2. Cymatic Scan: Project Showcase and secured the 3rd position in SCSET organized ative AI.\n3. Certifications: Software Engineering - Software Design and Project Management from Coursera.\n4. Coursework: Data Structures, Design and Analysis of Algorithms, Automata, Operating Systems, Soft Computing, Information Management Systems, Software Engineering, Engineering Calculus, Linear Algebra & Ordinary Differential Equations.",
    "institutionsOrganization": "No information available.",
    "institutionsOrganizationName": "The institution/organization names that provided the awards/certificates to the person in the resume are:\n\n1. Hunt AI - Secured 1st rank in group hackathon.\n2. Cymatic Scan - Secured the 3rd position in SCSET organized Technology, Remote - AI/ML with Backend Development.\n\nNo information available about the institution/organization names that provided the certifications.",
    "detailsofAwards/Cerifications": "The details of awards/certifications present in the resume are as follows:\n\nAWARDS:\n1. Hunt AI: Secured 1st rank in group hackathon.\n2. Cymatic Scan: Project Showcase and secured the 3rd position in SCSET organized ative AI.\n\nCERTIFICATIONS:\n1. Software Engineering - Software Design and Project Management: Coursera.\n\nNo information available on the specific details of the certification.",
    "dateOfAwards": "No information available",
    "awardsTitle": "The awards titles obtained present in the resume are:\n\n1. Hunt AI: Secured 1st rank in group hackathon.\n2. Cymatic Scan: Secured the 3rd position in SCSET organized Technology, Remote - AI/ML with Backend Development.",
    "urlAwards": "No information available.",
    "typesOfAchievment": "The types of awards/achievements mentioned in the provided information are:\n\n1. Hunt AI: Secured 1st rank in a group hackathon.\n2. Cymatic Scan: Project Showcase and secured the 3rd position in SCSET organized former (ViT) model for image classification on the CIFAR-10 dataset, delivering an impressive accuracy rate exceeding 90%.\n3. Earned a perfect 10/10 performance rating and received recognition for outstanding accomplishments.\n4. Amazon ML Challenge: Secured the 74th position.\n\nNote: The information provided is limited and may not include all the awards/achievements."
}