{"Contact__information": {"fname": "Akshat", "lastname": "Jain", "dob": "unknown", "age": "unknown", "postDesignation": "AI/ML with Backend Development", "address": "98, Kaveri Vihar Phase 2, Agra, India", "email": "jain.akshat7983@gmail.com", "mobile": "+91 7983033401", "LinkedIn": "linkedin.com/in/akshat-jain-489775219/", "orcidId": "unknown"}, "CV__Summary": {"summaryDetails": "Experienced AI/ML professional with expertise in backend development. Skilled in creating NER-based models and implementing Hugging Face API. Strong background in computer science and engineering with a focus on data structures, algorithms, and machine learning.", "totalIndustryExperience": "2 years"}, "CV__Education": [{"degree": "B-Tech CSE", "course": "Data Structures, Design and Analysis of Algorithms, Automata, Operating Systems, Soft Computing, Information Management Systems, Software Engineering, Engineering Calculus, Linear Algebra & Ordinary Differential Equations", "marks": "9.71 / 10", "yearOfPass": "2025", "boardsName": "Bennett University, Gr. Noida", "percentage": "unknown", "college": "Bennett University"}], "Education__evaluation": {"score__edu": 90, "evaluation__edu": "The Education section is well-detailed with the candidate's degree, courses, CGPA, and university clearly mentioned. The achievements and academic performance are highlighted effectively. However, providing more information on extracurricular activities or projects related to education could enhance the section further."}, "CV__Languages": [{"spoken__language": "English", "language__fluency": "unknown"}, {"spoken__language": "Hindi", "language__fluency": "unknown"}], "Languages__evaluation": {"score__language": 50, "evaluation__language": "The Languages section provides basic information about the languages the candidate can speak. However, it lacks details on the level of fluency. Including more information on proficiency levels or certifications in languages would improve the section's quality."}, "skills": {"soft skills": ["Teamwork", "Problem-Solving", "Time-Management", "Creativity", "Active Listener"], "technical skills": ["Python", "C++ programming", "HTML", "CSS", "Flask", "MySQL", "Streamlit", "Keras", "TensorFlow", "PyTorch", "Machine Learning", "Natural Language Processing", "Deep Learning"]}, "Skills__evaluation": {"selfRating": {"technical skills": 9, "soft skills": 8}, "whyRate": "This person should be hired because they possess a strong technical skill set in programming languages, frameworks, and AI libraries. Additionally, their soft skills such as teamwork, problem-solving, and creativity make them a valuable asset to any team."}, "CV__Certifications": [{"awardsTitle": "Software Engineering - Software Design and Project Management", "institutionsOrganization": "Coursera / Hong Kong University of Science and Technology", "dateOfAwards": "unknown", "nameOfAwardsAchievements": "unknown", "urlAwards": "unknown", "typesOfAchievment": "unknown"}, {"awardsTitle": "AWS Academy Graduate", "institutionsOrganization": "AWS Academy", "dateOfAwards": "unknown", "nameOfAwardsAchievements": "unknown", "urlAwards": "unknown", "typesOfAchievment": "unknown"}, {"awardsTitle": "Machine Learning Foundations", "institutionsOrganization": "AWS Academy", "dateOfAwards": "unknown", "nameOfAwardsAchievements": "unknown", "urlAwards": "unknown", "typesOfAchievment": "unknown"}, {"awardsTitle": "The Bits and Bytes of Computer Networking", "institutionsOrganization": "Coursera / Google", "dateOfAwards": "unknown", "nameOfAwardsAchievements": "unknown", "urlAwards": "unknown", "typesOfAchievment": "unknown"}, {"awardsTitle": "Generative Adversarial Networks (GANs) - 3 Courses Specializations", "institutionsOrganization": "Coursera / DeepLearning.AI", "dateOfAwards": "unknown", "nameOfAwardsAchievements": "unknown", "urlAwards": "unknown", "typesOfAchievment": "unknown"}, {"awardsTitle": "Fundamentals of Digital Image and Video Processing", "institutionsOrganization": "Coursera / Northwestern University", "dateOfAwards": "unknown", "nameOfAwardsAchievements": "unknown", "urlAwards": "unknown", "typesOfAchievment": "unknown"}], "Certif__evaluation": {"score__certif": 70, "detailsofAwards/Cerifications": "The certifications listed show a strong foundation in software engineering, machine learning, and computer networking. The text quality is clear and concise, providing relevant information about each certification."}, "Work__experience": [{"postDesignation": "AI/ML with Backend Development", "nameOfEmployer": "StuValley Technology", "periodOfEmploymentFrom": "01/2024", "periodOfEmploymentTo": "Present", "department": "unknown", "grossSalary": "unknown", "responsibilities": {"1": "Creating a NER-based model to extract relevant features from resumes and predict the results based on job descriptions.", "2": "Implementing Hugging Face API models to fasten the performance."}}, {"postDesignation": "Project Intern", "nameOfEmployer": "LanguifyAI", "periodOfEmploymentFrom": "07/2023", "periodOfEmploymentTo": "08/2023", "department": "unknown", "grossSalary": "unknown", "responsibilities": {"1": "Developed  a  Vision  Transformer  (ViT)  model  for  image  classification  on  the  CIFAR-10 \ndataset, delivering an impressive accuracy rate exceeding 90%.", "2": "Earned  a  perfect  10/10  performance  rating  and  received  recognition  for  outstanding \naccomplishments."}}], "CV__Projects": [{"project__title": "Skin Disease Classification", "project__start_date": "unknown", "project__end_date": "unknown", "project__description": "- Developed a Convolution Neural Network Model that achieved 80% accuracy in classifying skin diseases, including chickenpox, measles, monkeypox, and normal cases, using a dataset of 1000+ images.\n- Boosted model performance by implementing VGG16, resulting in a 15% accuracy improvement.\n- Employed Technologies: Python, TensorFlow, Keras, Convolutional Neural Networks (CNNs), VGG16 Transfer Learning"}, {"project__title": "Replace Songwriters", "project__start_date": "unknown", "project__end_date": "unknown", "project__description": "- Generated songs with AI using an LSTM model, merging 21 CSV songs into a dataset of 6,000+ samples. Achieved 75%+ accuracy."}, {"project__title": "Movie Recommendation System", "project__start_date": "unknown", "project__end_date": "unknown", "project__description": "- Boosted user engagement with content-based filtering algorithms, increasing movie click-through rates by 30%.\n- Enabled personalized movie recommendations and seamlessly fetched movie posters from TMDb API, resulting in a 25% rise in user interactions.\n- Employed Technologies: Pandas, NumPy, Natural Language Processing, Matplotlib, Flask, Streamlit, TMDb API"}]}