{"Contact__information": {"fname": "HIMANSHU", "lastname": "TARIF", "dob": "04/07/1994", "age": 27, "postDesignation": "SOFTWARE DEVELOPER", "address": "Najafgarh, New Delhi", "email": "thimanshu039@yahoo.com", "mobile": "+91.7838679387", "LinkedIn": "https://www.linkedin.com/in/himanshu-tarif-744214211/", "orcidId": "unknown"}, "CV__summary": "2+ of experience facilitating cutting-edge solutions with a wide range of Mobile, Web, Educational, and Analysis application and technology skills. Proven ability to leverage full-stack knowledge and experience to build interactive and user-centered website designs to scale. Good expertise in web hosting, integration, handling and maintenance on cloud server and shared hosting. Good command to summarize predicts and analyzes the data by machine learning basis. Good command to develop cross-platform Mobile and desktop applications. Good ability to work on data structure and algorithm specifically on machine learning and statistical graphs analysis.", "CV__Education": [{"degree": "Master In Computer Application", "course": "unknown", "marks": "7.5 CGPA", "yearOfPass": "2018", "boardsName": "Guru Gobind Singh Indraprastha University", "percentage": "unknown", "college": "R C Institute of Technology", "educational_qual": "Master In Computer Application, 2018, Guru Gobind Singh Indraprastha University"}, {"degree": "Bachelor In Computer Application", "course": "unknown", "marks": "72%", "yearOfPass": "2015", "boardsName": "Guru Gobind Singh Indraprastha University", "percentage": "unknown", "college": "Fair Field Institute Of Management and Technology", "educational_qual": "Bachelor In Computer Application, 2015, Guru Gobind Singh Indraprastha University"}, {"degree": "10 +2", "course": "unknown", "marks": "51%", "yearOfPass": "2012", "boardsName": "Central Board Of Secondary Education", "percentage": "unknown", "college": "Jawahar Navodaya Vidyalaya Mungeshpur", "educational_qual": "10 +2, 2012, Central Board Of Secondary Education"}], "Education__evaluation": {"score__edu": 85, "evaluation__edu": "The Education section is well-detailed with clear information about the degrees obtained, marks, and year of passing. The inclusion of educational qualifications from different institutions adds depth to the candidate's profile. However, providing more details about the courses taken would enhance the section further."}, "CV__Languages": [{"spoken__language": "Hindi", "language__fluency": "Fluent"}, {"spoken__language": "English", "language__fluency": "Fluent"}], "Languages__evaluation": {"score__language": 95, "evaluation__language": "The candidate has listed the languages they can speak along with their fluency level, which is clear and concise. The inclusion of fluency levels adds value to the language section, showcasing the candidate's proficiency. Overall, a strong language section."}, "skills": ["Full-stack development", "Web hosting", "Cloud server management", "Machine learning", "Cross-platform application development", "Data structure and algorithm", "Python", "SQL", "HTML", "CSS3", "AJAX", "JavaScript", "JQuery", "Node JS", "Flask", "Django", "Machine Learning", "Data Analytics", "MySQL", "SQL Server", "SQL Lite", "Bootstrap", "Apache Cordova", "Electron.JS"], "Skills__evaluation": {"selfRating": 8, "whyRate": "This person should be hired because they have a strong skill set in full-stack development, machine learning, and cross-platform application development. Their expertise in web hosting, cloud server management, and data analysis make them a valuable asset to any team."}, "CV__Certifications": [{"awardsTitle": "Certification in User-Interface Development", "institutionsOrganization": "Xperia Technologies Pvt. Ltd.", "dateOfAwards": "2016", "detailsofAwards/Cerifications": "unknown", "urlAwards": "unknown", "typesOfAchievment": "User-Interface Development"}, {"awardsTitle": "Certification in Data Science with Machine Learning with Python", "institutionsOrganization": "Antrix Academy of Data Science", "dateOfAwards": "2019", "detailsofAwards/Cerifications": "unknown", "urlAwards": "unknown", "typesOfAchievment": "Data Science, Machine Learning"}], "Certif__evaluation": {"score__certif": 85, "nameOfAwardsAchievements": "The certifications are relevant to the field of data science and machine learning, showcasing the candidate's commitment to continuous learning and skill development. The text quality is clear and concise, providing necessary information about the certifications."}, "Work__experience": [{"Job Title": "SOFTWARE DEVELOPER", "nameOfEmployer": "S. K.ENTERPPRISES (SPIKEZONE\u00ae)", "periodOfEmploymentFrom": "06/01/2019", "periodOfEmploymentTo": "Present", "department": "unknown", "grossSalary": "unknown", "work__duties": {"1": "Structure several internal systems comprising admin login Functions, web application as well as design APIs built in python.", "2": "Successfully installed APIs on Google, Shared and Heroku cloud servers.", "3": "Successfully time to time updating of database and web application designs.", "4": "Successfully more than three analysis and research projects based on machine learning.", "5": "Designed and implemented Python with flask and Django web application.", "6": "Successful designed one window desktop and two cross platform moderate level mobile applications."}}, {"Job Title": "SOFTWARE DEVELOPMENT TRAINEE", "nameOfEmployer": "Matrix Geo Solutions Pvt. Ltd.", "periodOfEmploymentFrom": "01/06/2018", "periodOfEmploymentTo": "05/01/2019", "department": "unknown", "grossSalary": "unknown", "work__duties": {"1": "Successfully maintained the data base and classes modules of web application in JavaScript, MySql Basic Queries.", "2": "Successfully contribution to design and implement the modules of Windows Based Geo Mapping Desktop and Cloud Application in C# and JavaScript.", "3": "Successfully installed, integrate, deployed and maintained the web application on shared hosting cloud panels."}}], "CV__Projects": [{"project__title": "Vocabulary Process System With Android Application", "project__start_date": "unknown", "project__end_date": "unknown", "project__description": "- Project Name: Vocabulary Process System With Android Application"}, {"project__title": "Organic Food Web site", "project__start_date": "unknown", "project__end_date": "unknown", "project__description": "- Organic Food Web site"}, {"project__title": "Bike Sharing Trends Analysis and Datasets", "project__start_date": "unknown", "project__end_date": "unknown", "project__description": "- Bike Sharing Trends Analysis and Datasets\n- Technology used: Python, Flask, Html5, CSS3, Bootstrap, JavaScript, jQuery, MySQL, Web API, Apache Cordova\n- Url: http://spikezone.co.in/"}, {"project__title": "Personalized Learning by Twitter Tweets Datasets", "project__start_date": "unknown", "project__end_date": "unknown", "project__description": "- Personalized Learning by Twitter Tweets Datasets"}, {"project__title": "Spikezone Web application", "project__start_date": "unknown", "project__end_date": "unknown", "project__description": "- Successfully installed APIs on Google, Shared and Heroku cloud servers.\n- Successfully time to time updating of database and web application designs.\n- Successfully more than three analysis and research projects based on machine learning.\n- Designed and implemented Python with flask and Django web application.\n- Successful designed one window desktop and two cross platform moderate level mobile applications."}]}