{"Contact__information": {"fname": "S.", "lastname": "NISHANTHI", "dob": "18/04/1987", "age": 35, "postDesignation": "Associate Data Scientist", "address": "unknown", "email": "nishalic87@gmail.com", "mobile": "+91 9894544059", "LinkedIn": "unknown", "orcidId": "unknown"}, "CV__summary": "A proactive and fast learning individual seeking an opportunity to work as a data scientist utilizing analytical & methodical skills and relevant expertise to help the company achieve business goals while sticking to vision, mission, and values.", "CV__Education": [{"degree": "Master of Computer Applications", "course": "unknown", "marks": "unknown", "yearOfPass": "2011", "boardsName": "unknown", "percentage": "unknown", "college": "unknown", "educational_qual": "Master of Computer Applications, 2011, unknown"}, {"degree": "Bachelor of Physics", "course": "unknown", "marks": "unknown", "yearOfPass": "2008", "boardsName": "unknown", "percentage": "unknown", "college": "unknown", "educational_qual": "Bachelor of Physics, 2008, unknown"}, {"degree": "Certification", "course": "unknown", "marks": "80%", "yearOfPass": "2018", "boardsName": "Anna University", "percentage": "unknown", "college": "unknown", "educational_qual": "Certification, 2018, Anna University"}], "Education__evaluation": {"score__edu": 85, "evaluation__edu": "The Education section provides a clear overview of the candidate's academic qualifications, including a Master of Computer Applications, Bachelor of Physics, and a Certification from Anna University. However, more details such as courses taken and specific marks obtained are missing, which could enhance the quality of this section. Overall, the Education section is informative but lacks some key details."}, "CV__Languages": [{"spoken__language": "Tamil", "language__fluency": "unknown"}, {"spoken__language": "English", "language__fluency": "unknown"}], "Languages__evaluation": {"score__language": 70, "evaluation__language": "The Languages section lists the candidate's proficiency in Tamil and English, but lacks information on fluency levels. Including details on fluency would provide a more comprehensive view of the candidate's language skills. Overall, the section is clear but could benefit from additional details to improve its quality."}, "skills": ["Data Interpretation & Analysis", "Fundamentals of statistics", "Machine Learning Algorithms", "Linear Regression", "Logistic Regression", "Support Vector Machine", "Decision Trees (CART)", "KNN", "Clustering (hierarchical, K means, DBSCAN)", "Boosting & Bagging", "PCA", "NLP", "Modeling Process Flow", "Data Preparation & Cleaning", "Sampling into Train and Test sets", "Model Building using appropriate algorithm", "Model Validation", "Analytical tools: Python, SQL, Tableau"], "Skills__evaluation": {"selfRating": 8, "whyRate": "This person should be hired because they have a strong skill set in data interpretation, machine learning algorithms, and analytical tools. With experience in model building and validation, they can contribute effectively to achieving business goals."}, "CV__Certifications": [{"awardsTitle": "Certified DATA SCIENCE Pro-degree", "institutionsOrganization": "Imarticus Learning", "dateOfAwards": "2018/08", "detailsofAwards/Cerifications": "unknown", "urlAwards": "unknown", "typesOfAchievment": "Data Science Certification"}], "Certif__evaluation": {"score__certif": 90, "nameOfAwardsAchievements": "The certification in Data Science Pro-degree from Imarticus Learning is highly relevant to the individual's career as a data scientist. The text quality is clear and concise, providing essential information about the certification."}, "Work__experience": [{"Job Title": "Associate Data Scientist", "nameOfEmployer": "Navin Aqua Tech &Services", "periodOfEmploymentFrom": "20/02/2019", "periodOfEmploymentTo": "23/07/2021", "department": "unknown", "grossSalary": "unknown", "work__duties": {"1": "Understanding the business problem convert to an analytical problem through the Analytical Framework of DER Model (Probing the client to zero in on the problem statement).", "2": "Applied Exploratory Data Analysis (Imputation, Transformation, Replacement, Standardization, Duplication) before processing and verifying the identity of data used for Analysis.", "3": "Responsible for model development, validation, testing and implementation of analytical products and applications.", "4": "Applied various machine learning techniques to build dynamic pricing models and maximize profits.", "5": "Create the champion challenger framework of models wherein the candidate models continuously challenge the champion model to zero in on the best model based on the assessment criteria."}}, {"Job Title": "ARcoordinator", "nameOfEmployer": "Impactiva QualityAssurance", "periodOfEmploymentFrom": "07/09/2015", "periodOfEmploymentTo": "05/08/2016", "department": "unknown", "grossSalary": "unknown", "work__duties": {"1": "Clear interaction with Business users regarding the business requirements and reporting needs", "2": "Created various complex List, Crosstab, Charts and Dashboard Reports", "3": "Customized data by adding advanced prompts, Filters, Calculations, Summaries and Functions", "4": "Providing Daily, weekly, monthly operational reporting and scorecards in timely, accurate and validated manner, creation of new reports and formats for new analysis", "5": "The project is aided at gathering efficient, accurate and updated reports, which would help the management to take timely actions."}}, {"Job Title": "Data Analyst", "nameOfEmployer": "HCL Technologies Business Services", "periodOfEmploymentFrom": "unknown", "periodOfEmploymentTo": "unknown", "department": "unknown", "grossSalary": "unknown", "work__duties": {"1": "Creating a centralized reporting capability for managers to perform transactional, analytical, and ad-hoc reporting and data analysis", "2": "Creating list reports, cross tab reports, charts& Drill through reports by using CognosReport studio", "3": "Providing the insights to the account managers with respect to customers data", "4": "Creating the PowerPoint presentations to managers to improve sales factors", "5": "Involved in scheduling the reports and developing the reports for all the Sales Trends by customers", "6": "Updating the project status to the team in weekly status meeting."}}], "CV__Projects": [{"project__title": "Store Analytics", "project__start_date": "unknown", "project__end_date": "unknown", "project__description": "- Problem:  To  analyze  and  implement  different  models  of  data  analysis  to  enhance  the  customer\u2019s shopping experiences thereby increasing the profit of the company. In this regard, all the transactions, e-mails,  search  inquiries,  previous  purchases,  etc.  are  analyzed  and  processed  to  optimize  the  marketing moves and merchandising processes.\n- Solution:The  objective  of  the  project  is  to  build  the  next-generation  customer  data  platform  to  support real-time segmentation, recommendation and customization techniques\n- Using  analytics  &  machine  learning  techniques  like  Linear  regression,  Random  forest  to  increase revenue for low spend accounts\n- Product recommendations using collaborative filtering techniques\n- Providing usable insights to regional & commercial sales teams"}, {"project__title": "HR Attrition", "project__start_date": "unknown", "project__end_date": "unknown", "project__description": "- The objective of the project is to perform analysis on the historical data to gain valuable insights and build a predictive model to predict whether a churn out or not given a set of characteristics.\n- Significantly decreased the cost cut incurred by retain the employee.\n- Built logistic regression, Decision Tree, KNN, Random Forest, Ada boost and Model Stacking algorithm to build predictive model summary and summarizing who will retain and leave the company."}, {"project__title": "Loan Default Prediction", "project__start_date": "unknown", "project__end_date": "unknown", "project__description": "- To build prediction models using binary classification techniques for defaulting the borrower in future.\n- The Project aims to solve the complex problem of identifying the loan defaulters based on different factors using Risk Analytics.\n- This will aid the financial firms to take more informed credit scoring decisions and reduce the defaulter\u2019s rate in future using logistic regression, Decision Tree and Random Forest algorithms."}]}