{"Contact__information": {"candidate__name": "unknown", "candidate__title": "unknown", "candidate__location": "unknown", "candidate__email": "unknown", "candidate__phone": "unknown", "candidate__social_media": "unknown", "evaluation__ContactInfo": "unknown", "score__ContactInfo": -1}, "CV__summary": "unknown", "CV__Education": [], "Education__evaluation": {"score__edu": -1, "evaluation__edu": "unknown"}, "CV__Languages": [], "Languages__evaluation": {"score__language": -1, "evaluation__language": "unknown"}, "candidate__skills": [], "Skills__evaluation": {"score__skills": -1, "evaluation__skills": "unknown"}, "CV__Certifications": [], "Certif__evaluation": {"score__certif": -1, "evaluation__certif": "unknown"}, "Work__experience": [], "CV__Projects": []}