{
          "Designation_results": {
                    "result": "{\n    \"jd\": \"Data Scientist\\nData Analyst\",\n    \"resume\": \"machine learning engineer\",\n    \"score_details\": [\n        \"String Similarity\"\n    ],\n    \"score\": [\n        0.45679012345679015\n    ],\n    \"improvements\": \"1. Include more specific job titles or roles in the resume that closely align with the specified designation in the job description.\\n2. Highlight key skills or accomplishments in the resume that demonstrate proficiency in the specified designation.\\n3. Use keywords or industry-specific terminology in the resume that directly relates to the specified designation in the job description.\"\n}"
          },
          "Location_results": {
                    "result": "{\n    \"jd\": \"No information available\",\n    \"resume\": \"Chennai\",\n    \"score_details\": [\n        \"Dissimilarity\"\n    ],\n    \"score\": [\n        0.16666666666666663\n    ],\n    \"improvements\": \"1. Relocation: The candidate indicates flexibility to relocate, which aligns with the location specified in the job description.\\n\\n2. Remote work: The resume highlights previous experience working remotely, which is also mentioned as an option in the job description.\\n\\n3. Proximity: The candidate's current location mentioned in the resume is in close proximity to the specified location in the job description.\"\n}"
          },
          "Skills_results": {
                    "result": "{\n    \"jd\": \"Technical Skills+Frameworks:\\n1. R\\n2. Python\\n3. SQL\\n4. Hive\\n5. Pig\\n6. Scala\\n7. Java\\n8. C++\\n9. Machine learning\\n10. Data Wrangling\\n\\nSoft Skills:\\n1. Statistics\\n2. Programming Skills\\n3. Hands-on experience with data science tools\\n4. Knowledge in Spark\\n5. Knowledge in Hadoop\\n6. Proven Experience as Data Analyst or Data Scientist\\n7. Experience in large scale enterprise application implementation\\n8. Creative Individual with a track record of working on and implementing innovative tech based solutions\\n9. Exceptional intelligence\\n10. Problem solving skills\",\n    \"resume\": \"Technical Skills + Frameworks:\\n1. AI\\n2. ML\\n3. Backend Development\\n4. Data Processing\\n5. Integration\\n6. Python\\n7. Java\\n8. C++\\n9. Data Analysis\\n10. Machine Learning Algorithms\\n\\nSoft Skills:\\n1. Problem-solving\\n2. Teamwork\\n3. Communication\\n4. Adaptability\\n5. Leadership\\n6. Time Management\\n7. Analytical Thinking\\n8. Creativity\\n9. Attention to Detail\\n10. Self-Motivation\",\n    \"score_details\": [\n        \"Synonymic similarity\",\n        \"Keyword Similarity\"\n    ],\n    \"score\": [\n        0.41976118837884796,\n        0.20212765957446807\n    ],\n    \"improvements\": \"1. Missing skills in resume (Soft Skills + Technical Skills) - R, SQL, Hive, Pig, Scala, Statistics, Programming Skills, Hands-on experience with data science tools, Knowledge in Spark, Knowledge in Hadoop, Proven Experience as Data Analyst or Data Scientist, Experience in large scale enterprise application implementation, Creative Individual with a track record of working on and implementing innovative tech based solutions, Exceptional intelligence, Problem solving skills.\\n\\n2. Provide specific examples of hands-on experience with data science tools, such as specific software or programming languages used and the projects or tasks completed using them.\\n\\n3. Include any relevant experience or coursework in R, SQL, Hive, Pig, Scala, Spark, and Hadoop to demonstrate familiarity and knowledge with these technologies.\"\n}"
          },
          "Experience_results": {
                    "result": "{\n    \"jd\": \"No information available\",\n    \"resume\": \"2 years\",\n    \"score_details\": [\n        \"Experience Discrepancy\",\n        \"Experience Delta\"\n    ],\n    \"score\": [\n        1.0,\n        1.0\n    ],\n    \"improvements\": \"1. Provide examples in the resume that demonstrate how the specified experience in the job description aligns with the 2 years of experience stated.\\n2. Highlight any relevant skills or achievements gained during the 2 years of experience that directly relate to the requirements mentioned in the job description.\\n3. Emphasize any additional qualifications or training acquired during the 2 years of experience that can contribute to the specified experience mentioned in the job description.\"\n}"
          },
          "Responsibilities_results": {
                    "result": "{\n    \"jd\": \"1. Programming Skills \\u2013 knowledge of statistical programming languages like R, Python, and database query languages like SQL, Hive, Pig is desirable. Familiarity with Scala, Java, or C++ is an added advantage.\\n2. Statistics \\u2013 Good applied statistical skills, including knowledge of statistical tests, distributions, regression, maximum likelihood estimators, etc. Proficiency in statistics is essential for data-driven companies.\\n3. Machine Learning \\u2013 good knowledge of machine learning methods like k-Nearest Neighbors, Naive Bayes, SVM, Decision Forests.\\n4. Hands-on experience with data science tools\\n5. Knowledge in Spark is added advantage\\n6. Knowledge in Hadoop is added advantage\\n7. Proven Experience as Data Analyst or Data Scientist\\n8. Experience in large scale enterprise application implementation\\n9. Creative Individual with a track record of working on and implementing innovative tech based solutions\\n10. Exceptional intelligence and problem solving skills\",\n    \"resume\": \"1. Intern AI/ML with Backend Development / Stuvalley Technology Pvt Ltd 01/2024 - 03/2024\\n   - Created a Data processing and Integration pipeline\\n   - Worked on AI/ML algorithms for data analysis\\n   - Collaborated with the backend development team for integration\\n\\nNo other job responsibilities or experience mentioned in the resume.\",\n    \"score_details\": [\n        \"Synonymic similarity\",\n        \"Keyword Similarity\"\n    ],\n    \"score\": [\n        0.22727272727272724,\n        0.07971014492753623\n    ],\n    \"improvements\": \"1. Improve the resume by including more specific information about the responsibilities of the intern AI/ML position at Stuvalley Technology Pvt Ltd, such as the specific AI/ML algorithms worked on and the data analysis techniques used.\\n2. Expand on the collaboration with the backend development team for integration by providing specific examples or details of the projects or tasks accomplished.\\n3. Include any additional responsibilities or experiences, even if they are not directly related to the intern AI/ML position, to demonstrate a broader range of skills and experiences in the field of data analysis and programming.\"\n}"
          },
          "Achievements": {
                    "result": "Achievements: --\n"
          }
}